{
    "accuracy": 0.999188044503939,
    "precision": 0.9113924050632911,
    "recall": 0.7058823529411765,
    "f1_score": 0.7955801104972375,
    "roc_auc": 0.9097061130740374
}
